	index	claim_input	claim_idx	applicationNumber	groupArtUnitNumber	applicationTypeCategory	relatedDocumentData	patentClassification	applicantCitedExaminerReferenceIndicatorCount	filingDate	publicationDate	claimNumberArrayDocument	abstract	percentile	claim_label_101	claim_label_102	claim_label_103	claim_label_112	relatedApplicationNumber	max_score_x	mean_score	max_citations	max_other_citations	max_article_citations	max_score_y	component	is_closed	is_open	is_half	similarity_product	transitional_phrase	app_claim_id	bert_scores_102	claim_label_combined	bert_scores_101	combined_pred_scores	claim_label_101_adjusted	bert_score_102_app_feats_no_hinge	bert_score_101_app_feats	bert_score_102_app_feats_w_hinge	bert_score_102_no_app_feats	dataset	lexical_diversity	patent_class	foreignPriority
0	8	A fob device comprising:\n a portable housing below a threshold size needed to accommodate an input/output component for providing access to a functionality of the fob device that would not otherwise be accessible, the portable housing including contents comprising:\n a mobile processor configured to provide input and output interfaces to one or more paired modular extension devices that is customized based on a form factor of the one or more paired modular extension devices.	1	15884207	2181	Utility	1.0	"[""710"", ""063000""]"	13.0	2018-01	2018-06	50.0	A fob device includes a portable housing below a size needed to accommodate an input/output component for providing access to a functionality of the fob device that would not otherwise be accessible. The fob device also includes a mobile processor, a wireless interface, a volatile memory, a rechargeable battery, a charging interface, and storage medium having instructions that when executed causes the fob to receive a pairing request from a modular extension device that can provide access to the full functionality of the fob device that would not otherwise be accessible, pair with the modular extension device, and provide interfaces to the modular extension device that are customized based on a form factor of the modular extension device.	86.0	1	0	1	0	['15062038', '15144528', '15803359', '15108728', '10875054']	291.6772	165.96418200000005	16.0	2.0	4.0	0.8926188349723816	1	0	1	0	260.3565624520064	open	(15884207, 1)	0.4987780199792682	0	0.6530175100812518	0.6375935610710534	1	0.1942644269002285	0.6530175100812518	0.2028151762534934	0.5240989212399316	test	1.92424	710.0	False
1	1012613	A method as in  claim 1 , wherein the effective time is later in time than the transaction time.	6	15876618	2474	Utility	4.0	"[""370"", ""381000""]"	0.0	2018-01	2018-08	36.0	Non-destructive data storage is disclosed. An information change is stored that is associated with a business object such that tracking of the information change is enabled with respect to one a transaction time and/or an effective time. The stored information change is accessed with respect to a time.	86.0	1	1	0	1	['11429645', '13253017', '14286707', '14858023', '12151961']	207.72331	189.32972	14.0	0.0	1.0	0.8788206577301025	0	0	0	0	182.551535920074	none	(15876618, 6)	0.4668584181445661	1	0.5685141395020584	0.5583485673663091	0	0.3827732104877293	0.5685141395020584	0.4389142736565823	0.4499327110118535	test	1.64516	370.0	False
2	1012612	A method as in  claim 1 , wherein the effective time is earlier in time than the transaction time.	5	15876618	2474	Utility	4.0	"[""370"", ""381000""]"	0.0	2018-01	2018-08	36.0	Non-destructive data storage is disclosed. An information change is stored that is associated with a business object such that tracking of the information change is enabled with respect to one a transaction time and/or an effective time. The stored information change is accessed with respect to a time.	86.0	1	1	0	1	['11429645', '13253017', '14286707', '14858023', '12151961']	207.72331	189.32972	14.0	0.0	1.0	0.9730073809623718	0	0	0	0	202.11631382793485	none	(15876618, 5)	0.4549182838235345	1	0.5714296937409516	0.55977855274921	0	0.3814833489242292	0.5714296937409516	0.4374250345620392	0.4588756761861293	test	1.64516	370.0	False
3	1012611	A method as in  claim 1 , wherein storing the information change includes storing the effective time associated with the information change.	4	15876618	2474	Utility	4.0	"[""370"", ""381000""]"	0.0	2018-01	2018-08	36.0	Non-destructive data storage is disclosed. An information change is stored that is associated with a business object such that tracking of the information change is enabled with respect to one a transaction time and/or an effective time. The stored information change is accessed with respect to a time.	86.0	1	1	0	1	['11429645', '13253017', '14286707', '14858023', '12151961']	207.72331	189.32972	14.0	0.0	1.0	0.8866914510726929	0	0	0	0	184.1864831655228	none	(15876618, 4)	0.4658590277362119	1	0.5687579682582081	0.5584680742060085	0	0.1345872921365643	0.5687579682582081	0.3124411529710381	0.2644472368586696	test	1.64516	370.0	False
4	1012610	A method as in  claim 1 , wherein storing the information change includes storing the transaction time associated with the information change.	3	15876618	2474	Utility	4.0	"[""370"", ""381000""]"	0.0	2018-01	2018-08	36.0	Non-destructive data storage is disclosed. An information change is stored that is associated with a business object such that tracking of the information change is enabled with respect to one a transaction time and/or an effective time. The stored information change is accessed with respect to a time.	86.0	1	1	0	1	['11429645', '13253017', '14286707', '14858023', '12151961']	207.72331	189.32972	14.0	0.0	1.0	0.9801292419433594	0	0	0	0	203.59569036426544	none	(15876618, 3)	0.4540173783231085	1	0.5716499672653725	0.5598867083711462	0	0.202991264509336	0.5716499672653725	0.3423111386241483	0.3139201757290047	test	1.64516	370.0	False
5	1012609	A method for non-destructive data storage including:\n storing an information change associated with a business object such that tracking of the information change is enabled with respect to one of the following: a transaction time, an effective time, or a transaction time and an effective time; and accessing the stored information change with respect to a time, comprising:\n retrieving the information change from a chain of effective changes associated with an instance of the business object.	2	15876618	2474	Utility	4.0	"[""370"", ""381000""]"	0.0	2018-01	2018-08	36.0	Non-destructive data storage is disclosed. An information change is stored that is associated with a business object such that tracking of the information change is enabled with respect to one a transaction time and/or an effective time. The stored information change is accessed with respect to a time.	86.0	1	1	0	1	['11429645', '13253017', '14286707', '14858023', '12151961']	207.72331	189.32972	14.0	0.0	1.0	0.9172639250755308	1	0	1	0	190.5370986602813	open	(15876618, 2)	0.4596957930864711	1	0.5403529746272979	0.5322872564732153	0	0.1495151959152357	0.5403529746272979	0.2205032495820163	0.1994585167891545	test	1.64516	370.0	False
6	1012533	The method of  claim 113 , wherein the isolated, synthetic or recombinant disulfide-rich peptide is administered via intracerebroventricular (i.c.v.) administration, intravenous (i.v.) administration, intraarterial (i.a.), or intranasal (i.n.) administration.	118	15745432	1649	Utility	2.0	"[""514"", ""017700""]"	0.0	2018-01	2018-07	78.0	The invention relates to disulfide-rich peptides derived from spider venom and their use, particularly as neuroprotective agents. The invention also relates to nucleic acid molecules encoding the peptides as well as constructs and host cells comprising those nucleic acid molecules.	86.0	1	1	1	0	['16312020', '12670099', '14116862', '09852378', '13812457']	269.69702	248.540574	37.0	9.0	36.0	0.6442745923995972	0	0	0	0	173.758937631886	none	(15745432, 118)	0.5140386143984739	1	0.7780963048411523	0.7516905357968845	0	0.9175984535747556	0.7780963048411523	0.8207858601547652	0.9286285323427432	test	1.3871	514.0	True
7	1012532	The method of  claim 113 , wherein the isolated, synthetic or recombinant disulfide-rich peptide comprises SEQ ID NO: 16.	117	15745432	1649	Utility	2.0	"[""514"", ""017700""]"	0.0	2018-01	2018-07	78.0	The invention relates to disulfide-rich peptides derived from spider venom and their use, particularly as neuroprotective agents. The invention also relates to nucleic acid molecules encoding the peptides as well as constructs and host cells comprising those nucleic acid molecules.	86.0	1	1	1	0	['16312020', '12670099', '14116862', '09852378', '13812457']	269.69702	248.540574	37.0	9.0	36.0	0.6792376041412354	0	0	0	0	183.18835770883084	none	(15745432, 117)	0.5112639779711255	1	0.7784811067464891	0.7517593938689527	0	0.9468397294642072	0.7784811067464891	0.821393214837194	0.9486164879664278	test	1.3871	514.0	True
8	1012531	The method of  claim 113 , wherein the disease or condition is neuronal damage following stroke.	116	15745432	1649	Utility	2.0	"[""514"", ""017700""]"	0.0	2018-01	2018-07	78.0	The invention relates to disulfide-rich peptides derived from spider venom and their use, particularly as neuroprotective agents. The invention also relates to nucleic acid molecules encoding the peptides as well as constructs and host cells comprising those nucleic acid molecules.	86.0	1	1	1	0	['16312020', '12670099', '14116862', '09852378', '13812457']	269.69702	248.540574	37.0	9.0	36.0	0.6388431787490845	0	0	0	0	172.2941015559554	none	(15745432, 116)	0.5144696112132556	1	0.7780364793227057	0.7516797925117606	0	0.9479709279942612	0.7780364793227057	0.8219098074152913	0.946216436328686	test	1.3871	514.0	True
9	1012530	The method of  claim 113 , wherein the disease or condition is stroke.	115	15745432	1649	Utility	2.0	"[""514"", ""017700""]"	0.0	2018-01	2018-07	78.0	The invention relates to disulfide-rich peptides derived from spider venom and their use, particularly as neuroprotective agents. The invention also relates to nucleic acid molecules encoding the peptides as well as constructs and host cells comprising those nucleic acid molecules.	86.0	1	1	1	0	['16312020', '12670099', '14116862', '09852378', '13812457']	269.69702	248.540574	37.0	9.0	36.0	0.56840980052948	0	0	0	0	153.29842934159518	none	(15745432, 115)	0.5200560282690802	1	0.7772595598268892	0.7515392066711083	0	0.9484523856219548	0.7772595598268892	0.8202790923980765	0.9381161093235292	test	1.3871	514.0	True
10	1012529	The method of  claim 113 , wherein the disease or condition is caused by ASIC1a activity or contributed to by ASIC1a activity.	114	15745432	1649	Utility	2.0	"[""514"", ""017700""]"	0.0	2018-01	2018-07	78.0	The invention relates to disulfide-rich peptides derived from spider venom and their use, particularly as neuroprotective agents. The invention also relates to nucleic acid molecules encoding the peptides as well as constructs and host cells comprising those nucleic acid molecules.	86.0	1	1	1	0	['16312020', '12670099', '14116862', '09852378', '13812457']	269.69702	248.540574	37.0	9.0	36.0	0.5969816446304321	0	0	0	0	161.00417055152656	none	(15745432, 114)	0.5177903922559182	1	0.7775749804118723	0.7515965215962769	0	0.9482813771006324	0.7775749804118723	0.8220842780460668	0.9380027183718382	test	1.3871	514.0	True
11	1012614	A method as in  claim 1 , wherein the effective time is at the same time as the transaction time.	7	15876618	2474	Utility	4.0	"[""370"", ""381000""]"	0.0	2018-01	2018-08	36.0	Non-destructive data storage is disclosed. An information change is stored that is associated with a business object such that tracking of the information change is enabled with respect to one a transaction time and/or an effective time. The stored information change is accessed with respect to a time.	86.0	1	1	0	1	['11429645', '13253017', '14286707', '14858023', '12151961']	207.72331	189.32972	14.0	0.0	1.0	0.9877891540527344	0	0	0	0	205.1868326619339	none	(15876618, 7)	0.4530487168052787	1	0.571886857711222	0.5600030436206277	0	0.2546896845346815	0.571886857711222	0.3865512911163216	0.397820104955785	test	1.64516	370.0	False
12	1012528	A method for prevention or treatment of a disease or condition in a subject, the method comprising: administering a therapeutically effective amount of at least one isolated, synthetic, or recombinant disulfide-rich peptide of  claim 99  to the subject.	113	15745432	1649	Utility	2.0	"[""514"", ""017700""]"	0.0	2018-01	2018-07	78.0	The invention relates to disulfide-rich peptides derived from spider venom and their use, particularly as neuroprotective agents. The invention also relates to nucleic acid molecules encoding the peptides as well as constructs and host cells comprising those nucleic acid molecules.	86.0	1	1	1	0	['16312020', '12670099', '14116862', '09852378', '13812457']	269.69702	248.540574	37.0	9.0	36.0	0.7002586126327515	1	0	1	0	188.85766105638743	open	(15745432, 113)	0.5072982013044566	1	0.7575501376462038	0.7325249440120292	0	0.8104091177528564	0.7575501376462038	0.7490406411637376	0.7798186987514738	test	1.3871	514.0	True
13	1012526	The pharmaceutical composition of  claim 107 , further comprising at least one pharmaceutically acceptable diluent, adjuvant, excipient, buffer, stabiliser, isotonicising agent, preservative, or anti-oxidant.	111	15745432	1649	Utility	2.0	"[""514"", ""017700""]"	0.0	2018-01	2018-07	78.0	The invention relates to disulfide-rich peptides derived from spider venom and their use, particularly as neuroprotective agents. The invention also relates to nucleic acid molecules encoding the peptides as well as constructs and host cells comprising those nucleic acid molecules.	86.0	0	0	1	0	['16312020', '12670099', '14116862', '09852378', '13812457']	269.69702	248.540574	37.0	9.0	36.0	0.5952187180519104	1	0	1	0	160.52871450682042	open	(15745432, 111)	0.5156348718615774	0	0.7563173899052698	0.7322491381009005	0	0.8264907983458263	0.7563173899052698	0.8072065935642729	0.8170108292175685	test	1.3871	514.0	True
14	1012525	The pharmaceutical composition of  claim 109 , wherein the parenteral administration is selected from the group consisting of intracerebroventricular (i.c.v.) administration, intravenous (i.v.) administration, intraarterial (i.a.), and intranasal (i.n.) administration.	110	15745432	1649	Utility	2.0	"[""514"", ""017700""]"	0.0	2018-01	2018-07	78.0	The invention relates to disulfide-rich peptides derived from spider venom and their use, particularly as neuroprotective agents. The invention also relates to nucleic acid molecules encoding the peptides as well as constructs and host cells comprising those nucleic acid molecules.	86.0	0	0	1	0	['16312020', '12670099', '14116862', '09852378', '13812457']	269.69702	248.540574	37.0	9.0	36.0	0.6677185297012329	1	1	0	0	180.08169765920402	closed	(15745432, 110)	0.5093291244398974	0	0.8023220943720235	0.773022797378811	0	0.9434397779015482	0.8023220943720235	0.8191588764998587	0.8769055265879393	test	1.3871	514.0	True
15	1012524	The pharmaceutical composition of  claim 107 , wherein the composition is formulated for parenteral administration.	109	15745432	1649	Utility	2.0	"[""514"", ""017700""]"	0.0	2018-01	2018-07	78.0	The invention relates to disulfide-rich peptides derived from spider venom and their use, particularly as neuroprotective agents. The invention also relates to nucleic acid molecules encoding the peptides as well as constructs and host cells comprising those nucleic acid molecules.	86.0	0	0	1	0	['16312020', '12670099', '14116862', '09852378', '13812457']	269.69702	248.540574	37.0	9.0	36.0	0.6145641803741455	0	0	0	0	165.74612804564953	none	(15745432, 109)	0.5163957669155177	0	0.7777689207786428	0.7516316053923302	0	0.8728438356306847	0.7777689207786428	0.8101329134116091	0.780182054199249	test	1.3871	514.0	True
16	1012523	The pharmaceutical composition of  claim 107 , wherein the isolated, synthetic, or recombinant disulfide-rich peptide comprises SEQ ID NO: 16.	108	15745432	1649	Utility	2.0	"[""514"", ""017700""]"	0.0	2018-01	2018-07	78.0	The invention relates to disulfide-rich peptides derived from spider venom and their use, particularly as neuroprotective agents. The invention also relates to nucleic acid molecules encoding the peptides as well as constructs and host cells comprising those nucleic acid molecules.	86.0	0	1	1	0	['16312020', '12670099', '14116862', '09852378', '13812457']	269.69702	248.540574	37.0	9.0	36.0	0.6783737540245056	0	0	0	0	182.95537990662217	none	(15745432, 108)	0.5113325484115643	0	0.7784716409817123	0.7517577317246975	0	0.884543395946163	0.7784716409817123	0.8204547939869073	0.8657241364273409	test	1.3871	514.0	True
17	1012522	A pharmaceutical composition comprising a therapeutically effective amount of at least one isolated, synthetic, or recombinant disulfide-rich peptide of  claim 99 .	107	15745432	1649	Utility	2.0	"[""514"", ""017700""]"	0.0	2018-01	2018-07	78.0	The invention relates to disulfide-rich peptides derived from spider venom and their use, particularly as neuroprotective agents. The invention also relates to nucleic acid molecules encoding the peptides as well as constructs and host cells comprising those nucleic acid molecules.	86.0	0	0	1	0	['16312020', '12670099', '14116862', '09852378', '13812457']	269.69702	248.540574	37.0	9.0	36.0	0.623064398765564	1	0	1	0	168.03861161516429	open	(15745432, 107)	0.51342552446309	0	0.7566446289919251	0.7323227185390416	0	0.601266831339184	0.7566446289919251	0.7226016333664823	0.6600377018544081	test	1.3871	514.0	True
18	1012521	The isolated, synthetic, or recombinant disulfide-rich peptide of  claim 103  having a sequence consisting of SEQ ID NO: 14.	106	15745432	1649	Utility	2.0	"[""514"", ""017700""]"	0.0	2018-01	2018-07	78.0	The invention relates to disulfide-rich peptides derived from spider venom and their use, particularly as neuroprotective agents. The invention also relates to nucleic acid molecules encoding the peptides as well as constructs and host cells comprising those nucleic acid molecules.	86.0	0	1	1	0	['16312020', '12670099', '14116862', '09852378', '13812457']	269.69702	248.540574	37.0	9.0	36.0	0.6551951766014099	1	1	0	0	176.70418664777398	closed	(15745432, 106)	0.5103232070144701	0	0.8021953398920183	0.7730081266042635	0	0.9456341489341727	0.8021953398920183	0.8150832678480139	0.8909226670468517	test	1.3871	514.0	True
19	1012520	The isolated, synthetic, or recombinant disulfide-rich peptide of  claim 103 , having a sequence comprising SEQ ID NO: 16.	105	15745432	1649	Utility	2.0	"[""514"", ""017700""]"	0.0	2018-01	2018-07	78.0	The invention relates to disulfide-rich peptides derived from spider venom and their use, particularly as neuroprotective agents. The invention also relates to nucleic acid molecules encoding the peptides as well as constructs and host cells comprising those nucleic acid molecules.	86.0	0	1	1	0	['16312020', '12670099', '14116862', '09852378', '13812457']	269.69702	248.540574	37.0	9.0	36.0	0.7032352089881897	1	0	1	0	189.660440223192	open	(15745432, 105)	0.507061830712733	0	0.7575850421110967	0.7325327209712603	0	0.945817963367011	0.7575850421110967	0.8193553135286946	0.9009989125845528	test	1.3871	514.0	True
20	1012519	The isolated, synthetic, or recombinant disulfide-rich peptide of  claim 103 , wherein the peptide has neuroprotective activity.	104	15745432	1649	Utility	2.0	"[""514"", ""017700""]"	0.0	2018-01	2018-07	78.0	The invention relates to disulfide-rich peptides derived from spider venom and their use, particularly as neuroprotective agents. The invention also relates to nucleic acid molecules encoding the peptides as well as constructs and host cells comprising those nucleic acid molecules.	86.0	0	1	1	0	['16312020', '12670099', '14116862', '09852378', '13812457']	269.69702	248.540574	37.0	9.0	36.0	0.7263823747634888	0	0	0	0	195.9031618542361	none	(15745432, 104)	0.507521522883032	0	0.778999300904251	0.7518515231021291	0	0.920077412256506	0.778999300904251	0.8176162677072325	0.8964990543285137	test	1.3871	514.0	True
21	1012518	The isolated, synthetic, or recombinant disulfide-rich peptide of  claim 99 , wherein the peptide comprises, consists of, or consists essentially of an amino acid sequence selected from the group consisting of:\n (a) the amino acid sequences set forth in any one of SEQ ID NO: 2, 4, 6, 8, 10, 12, 14 or 16; (b) amino acid sequences that share at least 65% (or at least 66% to at least 99% and all integer percentages in between) sequence similarity or sequence identity with any one of SEQ ID NO: 2, 4, 6, 8, 10, 12, 14 or 16; (c) amino acid sequences encoded by the nucleotide sequences set forth in any one of SEQ ID NO: 1, 3, 5, 7, 9, 11 or 13; (d) amino acid sequences encoded by nucleotide sequences that share at least 65% (or at least 66% to at least 99% and all integer percentages in between) sequence similarity or sequence identity with any one of SEQ ID NO: 1, 3, 5, 7, 9, 11 or 13; and (e) amino acid sequences that are encoded by nucleotide sequence that hybridize under at least medium or high stringency conditions to any one of SEQ ID NO: 1, 3, 5, 7, 9, 11 or 13.	103	15745432	1649	Utility	2.0	"[""514"", ""017700""]"	0.0	2018-01	2018-07	78.0	The invention relates to disulfide-rich peptides derived from spider venom and their use, particularly as neuroprotective agents. The invention also relates to nucleic acid molecules encoding the peptides as well as constructs and host cells comprising those nucleic acid molecules.	86.0	0	1	1	0	['16312020', '12670099', '14116862', '09852378', '13812457']	269.69702	248.540574	37.0	9.0	36.0	0.6172305345535278	1	1	0	0	166.46523582209352	closed	(15745432, 103)	0.5133362951935085	0	0.8018107997471696	0.7729633492918035	0	0.749539059639255	0.8018107997471696	0.7970314669156804	0.6869417118569391	test	1.3871	514.0	True
22	1012517	The isolated, synthetic, or recombinant disulfide-rich peptide of  claim 101 , wherein the two ICK motifs are joined head-to-tail, such that the peptide comprises two concatenated ICK motifs.	102	15745432	1649	Utility	2.0	"[""514"", ""017700""]"	0.0	2018-01	2018-07	78.0	The invention relates to disulfide-rich peptides derived from spider venom and their use, particularly as neuroprotective agents. The invention also relates to nucleic acid molecules encoding the peptides as well as constructs and host cells comprising those nucleic acid molecules.	86.0	0	0	1	0	['16312020', '12670099', '14116862', '09852378', '13812457']	269.69702	248.540574	37.0	9.0	36.0	0.5938608050346375	0	0	0	0	160.16248941264269	none	(15745432, 102)	0.5180378777470329	0	0.7775405221210586	0.7515902576836561	0	0.8770435893658444	0.7775405221210586	0.8210390739170025	0.8464203453255335	test	1.3871	514.0	True
23	1012527	The pharmaceutical composition of  claim 111 , further comprising at least one delivery enhancer to assist with transport of the peptide across the blood brain barrier (BBB), wherein the at least one delivery enhancer is selected from the group consisting of lipids, polymers, liposomes, emulsions, and nanoparticles.	112	15745432	1649	Utility	2.0	"[""514"", ""017700""]"	0.0	2018-01	2018-07	78.0	The invention relates to disulfide-rich peptides derived from spider venom and their use, particularly as neuroprotective agents. The invention also relates to nucleic acid molecules encoding the peptides as well as constructs and host cells comprising those nucleic acid molecules.	86.0	1	1	1	0	['16312020', '12670099', '14116862', '09852378', '13812457']	269.69702	248.540574	37.0	9.0	36.0	0.6136764287948608	1	1	1	0	165.50670409021618	open	(15745432, 112)	0.5141704713070199	1	0.7565342784790624	0.7322978977618582	0	0.9477093953871428	0.7565342784790624	0.8176059849554544	0.923806878080786	test	1.3871	514.0	True
24	1012615	A method as in  claim 1 , wherein the information change comprises a change in human resource information.	8	15876618	2474	Utility	4.0	"[""370"", ""381000""]"	0.0	2018-01	2018-08	36.0	Non-destructive data storage is disclosed. An information change is stored that is associated with a business object such that tracking of the information change is enabled with respect to one a transaction time and/or an effective time. The stored information change is accessed with respect to a time.	86.0	1	1	0	1	['11429645', '13253017', '14286707', '14858023', '12151961']	207.72331	189.32972	14.0	0.0	1.0	0.8401150703430176	0	0	0	0	174.51148319253448	none	(15876618, 8)	0.4717770123367974	1	0.5673146194821659	0.557760858767629	0	0.2963839253878367	0.5673146194821659	0.3458851525591853	0.3826943241359842	test	1.64516	370.0	False
25	1012616	A method as in  claim 1 , wherein the information change comprises a change in financial information.	9	15876618	2474	Utility	4.0	"[""370"", ""381000""]"	0.0	2018-01	2018-08	36.0	Non-destructive data storage is disclosed. An information change is stored that is associated with a business object such that tracking of the information change is enabled with respect to one a transaction time and/or an effective time. The stored information change is accessed with respect to a time.	86.0	1	1	0	1	['11429645', '13253017', '14286707', '14858023', '12151961']	207.72331	189.32972	14.0	0.0	1.0	0.918435037136078	0	0	0	0	190.780365933879	none	(15876618, 9)	0.461831032312148	1	0.5697410194084098	0.5589500206987836	0	0.2665269776868412	0.5697410194084098	0.3107042321777876	0.3954768259331101	test	1.64516	370.0	False
26	1012617	A method as in  claim 1 , wherein the information change comprises a change in corporate information.	10	15876618	2474	Utility	4.0	"[""370"", ""381000""]"	0.0	2018-01	2018-08	36.0	Non-destructive data storage is disclosed. An information change is stored that is associated with a business object such that tracking of the information change is enabled with respect to one a transaction time and/or an effective time. The stored information change is accessed with respect to a time.	86.0	1	1	0	1	['11429645', '13253017', '14286707', '14858023', '12151961']	207.72331	189.32972	14.0	0.0	1.0	0.8406605720520021	0	0	0	0	174.62479661313537	none	(15876618, 10)	0.4717076170312508	1	0.5673315270272917	0.5577691360276876	0	0.3191317929975755	0.5673315270272917	0.4598153548515412	0.5012343528418656	test	1.64516	370.0	False
27	1013049	The method of  claim 1 , wherein the step of generating a PDN comprises:\n transmitting a PDN connection request message to a Mobility Management Entity (MME); and receiving a PDN connection accept message from the MME, wherein the PDN connection accept message includes an indication indicating that a NNI does not exist between the V-PLMN and the H-PLMN.	2	15747853	2645	Utility	2.0	"[""455"", ""404100""]"	0.0	2018-01	2018-07	32.0	An embodiment of the present description provides, in a situation in which, when a user equipment (UE) is roaming in a visited network, i.e. V-PLMN, the roaming is processed by means of a home routed (HR) mode and is successfully registered to H-PLMN IMS and a service is received, a method for performing authentication/registration of a UE, which is to receive an emergency service, if IMS-NNI does not exist between H-PLMN and V-PLMN.	86.0	0	1	0	0	['15768723', '15752990', '15755725', '15244120', '15300083']	361.28918	350.332598	18.0	0.0	2.0	0.6995519995689392	0	0	0	0	252.7405682916224	none	(15747853, 2)	0.5302957979937801	0	0.7701534030075811	0.746167642506201	0	0.8205390580389573	0.7701534030075811	0.6515638236177741	0.5535229181966622	test	1.62264	455.0	False
28	1013048	A method of performing an emergency service, the method performed by a user equipment (UE) being roamed to a Visited Public Land Mobile Network (V-PLMN) and comprising:\n when an emergency service is requested, generating a Packet Data Network (PDN) for the emergency service, wherein an indication indicating that a Network to Network Interface (NNI) does not exist between the V-PLMN and a Home PLMN (H-PLMN) is received during the step of generating the PDN; and transmitting a REGISTER message for performing an IP Multimedia Subsystem (IMS) registration for the emergency service, wherein the REGISTER message includes an indication indicating that a NNI does not exist between the V-PLMN and the H-PLMN, and a request type indicating that the requested service type corresponds to an emergency service.	1	15747853	2645	Utility	2.0	"[""455"", ""404100""]"	0.0	2018-01	2018-07	32.0	An embodiment of the present description provides, in a situation in which, when a user equipment (UE) is roaming in a visited network, i.e. V-PLMN, the roaming is processed by means of a home routed (HR) mode and is successfully registered to H-PLMN IMS and a service is received, a method for performing authentication/registration of a UE, which is to receive an emergency service, if IMS-NNI does not exist between H-PLMN and V-PLMN.	86.0	0	1	0	0	['15768723', '15752990', '15755725', '15244120', '15300083']	361.28918	350.332598	18.0	0.0	2.0	0.7247595191001892	1	0	1	0	261.8477723529017	open	(15747853, 1)	0.5277982736421394	0	0.7483015070708752	0.7262511837280016	0	0.5862286030754926	0.7483015070708752	0.3558093437533175	0.3909700167722361	test	1.62264	455.0	False
29	1012750	A method of assembling an opto-electronic assembly, said method comprising:\n positioning an optical connector on a socket formed of a base section having a connector opening and a plurality of walls extending from the base section that are angled with respect to the base section, and wherein the plurality of walls include air ducts to enable air to flow through the socket; positioning the socket on a system board having an electrical connector such that the electrical connector extends through the connector opening; and positioning a mezzanine board on the socket, wherein the mezzanine board has a top surface and a bottom surface, wherein a processor chip is attached to the top surface and an optical transceiver and a mating electrical connector are attached to the bottom surface, and wherein positioning of the mezzanine board on the socket causes the electrical connector on the system board to mate with the mating electrical connector on the mezzanine board and causes the optical connector to mate with the optical transceiver on the mezzanine board.	15	15747756	2835	Utility	1.0	"[""361"", ""688000""]"	0.0	2018-01	2018-08	23.0	According to an example, a socket to support a first board in a spaced relation to a second board may include a base section having openings to receive connectors that are to electrically connect the first board to the second board. The socket may also include a plurality of walls extending from the base section, in which each of the plurality of wails is angled with respect to the base section and in which the plurality of walls include air ducts to enable air to flow through the socket when the first board is positioned on the socket. The socket may further include socket alignment elements extending from the base section, in which the alignment elements are to be inserted into mating holes in the second board.	86.0	1	1	0	1	['11261508', '14576735', '11803964', '12821001', '15543193']	128.3467	123.04815320000002	29.0	6.0	3.0	0.7838485836982727	1	0	1	0	100.60437901734709	open	(15747756, 15)	0.4488403175428178	1	0.8151730172712688	0.7785397472984237	1	0.5767703558082021	0.8151730172712688	0.4399992670843093	0.6733759105828057	test	2.25424	361.0	False
30	1012749	The opto-electronic assembly according to  claim 12 , further comprising:\n an interposer having castellated walls that are in mating relationship with some of the air ducts in the plurality of walls of the socket, wherein the interposer is positioned between the socket and the first board.	14	15747756	2835	Utility	1.0	"[""361"", ""688000""]"	0.0	2018-01	2018-08	23.0	According to an example, a socket to support a first board in a spaced relation to a second board may include a base section having openings to receive connectors that are to electrically connect the first board to the second board. The socket may also include a plurality of walls extending from the base section, in which each of the plurality of wails is angled with respect to the base section and in which the plurality of walls include air ducts to enable air to flow through the socket when the first board is positioned on the socket. The socket may further include socket alignment elements extending from the base section, in which the alignment elements are to be inserted into mating holes in the second board.	86.0	1	1	0	1	['11261508', '14576735', '11803964', '12821001', '15543193']	128.3467	123.04815320000002	29.0	6.0	3.0	0.7618564367294312	1	0	1	0	97.78175952798128	open	(15747756, 14)	0.4529616648932806	1	0.8144882978492886	0.7783356345536878	1	0.8100630562160647	0.8144882978492886	0.4522597861735692	0.7118113037703035	test	2.25424	361.0	False
31	1012748	The opto-electronic assembly according to  claim 12 , wherein the first board includes a mating electrical connector attached to the bottom surface, wherein the electrical connector on the second board is connected to the mating electrical connector.	13	15747756	2835	Utility	1.0	"[""361"", ""688000""]"	0.0	2018-01	2018-08	23.0	According to an example, a socket to support a first board in a spaced relation to a second board may include a base section having openings to receive connectors that are to electrically connect the first board to the second board. The socket may also include a plurality of walls extending from the base section, in which each of the plurality of wails is angled with respect to the base section and in which the plurality of walls include air ducts to enable air to flow through the socket when the first board is positioned on the socket. The socket may further include socket alignment elements extending from the base section, in which the alignment elements are to be inserted into mating holes in the second board.	86.0	1	1	0	1	['11261508', '14576735', '11803964', '12821001', '15543193']	128.3467	123.04815320000002	29.0	6.0	3.0	0.6818851232528687	0	0	0	0	87.51770534859895	none	(15747756, 13)	0.470287709117978	1	0.8294624932444753	0.7935450148318256	1	0.621471823689056	0.8294624932444753	0.4199665410669343	0.4527750888739492	test	2.25424	361.0	False
32	1012747	An opto-electronic assembly comprising:\n a first board having top surface and a bottom surface, wherein a processor chip is attached to the top surface and an optical transceiver is attached to the bottom surface: a second board having an electrical connector; a socket positioned between the first board and the second board, wherein the socket includes:\n a base section having a connector opening through which the electrical connector extends; \n a plurality of walls extending from the base section, wherein each of the plurality of walls is angled with respect to the base section and wherein the plurality of walls include air ducts to enable air to flow through the socket; and \n an optical connector positioned in the socket, wherein the optical connector is connected to the optical transceiver.	12	15747756	2835	Utility	1.0	"[""361"", ""688000""]"	0.0	2018-01	2018-08	23.0	According to an example, a socket to support a first board in a spaced relation to a second board may include a base section having openings to receive connectors that are to electrically connect the first board to the second board. The socket may also include a plurality of walls extending from the base section, in which each of the plurality of wails is angled with respect to the base section and in which the plurality of walls include air ducts to enable air to flow through the socket when the first board is positioned on the socket. The socket may further include socket alignment elements extending from the base section, in which the alignment elements are to be inserted into mating holes in the second board.	86.0	1	1	0	1	['11261508', '14576735', '11803964', '12821001', '15543193']	128.3467	123.04815320000002	29.0	6.0	3.0	0.7501068115234375	1	0	1	0	96.2737339065552	open	(15747756, 12)	0.4551662117922936	1	0.8141216784635609	0.7782261317964342	1	0.5706342688477496	0.8141216784635609	0.2770263173400827	0.4923263569324353	test	2.25424	361.0	False
33	1012746	The socket according to  claim 1 , further comprising:\n an interposer having castellated walls that are to mate with some of the air ducts in the plurality of walls of the socket, wherein the interposer is to be positioned between the socket and the first board.	11	15747756	2835	Utility	1.0	"[""361"", ""688000""]"	0.0	2018-01	2018-08	23.0	According to an example, a socket to support a first board in a spaced relation to a second board may include a base section having openings to receive connectors that are to electrically connect the first board to the second board. The socket may also include a plurality of walls extending from the base section, in which each of the plurality of wails is angled with respect to the base section and in which the plurality of walls include air ducts to enable air to flow through the socket when the first board is positioned on the socket. The socket may further include socket alignment elements extending from the base section, in which the alignment elements are to be inserted into mating holes in the second board.	86.0	1	1	1	1	['11261508', '14576735', '11803964', '12821001', '15543193']	128.3467	123.04815320000002	29.0	6.0	3.0	0.7845091223716736	1	0	1	0	100.68915697630048	open	(15747756, 11)	0.4487166288660456	1	0.815193606737867	0.7785459089506849	1	0.6659768099685446	0.815193606737867	0.4342642606967644	0.633293900507922	test	2.25424	361.0	False
34	1012745	The socket according to  claim 1 , further comprising:\n an electrical connector extending from the base section through an opening to receive the connectors, wherein each of the electrical connectors has a hollow core and a perforated wall to enable air to flow through the perforated wall and through the hollow core.	10	15747756	2835	Utility	1.0	"[""361"", ""688000""]"	0.0	2018-01	2018-08	23.0	According to an example, a socket to support a first board in a spaced relation to a second board may include a base section having openings to receive connectors that are to electrically connect the first board to the second board. The socket may also include a plurality of walls extending from the base section, in which each of the plurality of wails is angled with respect to the base section and in which the plurality of walls include air ducts to enable air to flow through the socket when the first board is positioned on the socket. The socket may further include socket alignment elements extending from the base section, in which the alignment elements are to be inserted into mating holes in the second board.	86.0	1	1	1	1	['11261508', '14576735', '11803964', '12821001', '15543193']	128.3467	123.04815320000002	29.0	6.0	3.0	0.7320327758789062	1	0	1	0	93.95399107589722	open	(15747756, 10)	0.4585608087449029	1	0.8135566625027935	0.7780570771270044	1	0.5116477554467146	0.8135566625027935	0.4379631118642029	0.457167313020306	test	2.25424	361.0	False
35	1012744	The socket according to  claim 1 , further comprising:\n a perimeter divider extending in an angled manner from the base section outside of the plurality of walls, said perimeter divider having a plenum through which air is to flow.	9	15747756	2835	Utility	1.0	"[""361"", ""688000""]"	0.0	2018-01	2018-08	23.0	According to an example, a socket to support a first board in a spaced relation to a second board may include a base section having openings to receive connectors that are to electrically connect the first board to the second board. The socket may also include a plurality of walls extending from the base section, in which each of the plurality of wails is angled with respect to the base section and in which the plurality of walls include air ducts to enable air to flow through the socket when the first board is positioned on the socket. The socket may further include socket alignment elements extending from the base section, in which the alignment elements are to be inserted into mating holes in the second board.	86.0	1	1	1	1	['11261508', '14576735', '11803964', '12821001', '15543193']	128.3467	123.04815320000002	29.0	6.0	3.0	0.6511436700820923	1	0	1	0	83.57214128092528	open	(15747756, 9)	0.4737958718442924	1	0.8110116339589823	0.7772900577475134	1	0.622976832083507	0.8110116339589823	0.5146353196923509	0.6056492631642937	test	2.25424	361.0	False
36	1012743	The socket according to  claim 6 , wherein an application specific integrated circuit (ASIC) is positioned on a top side of the first board, wherein the column is positioned to contact a bottom side of the first board directly underneath the ASIC, and wherein the column has a hollow core surrounded by a perforated wall to enable air to flow through the perforated wall and through the hollow core.	8	15747756	2835	Utility	1.0	"[""361"", ""688000""]"	0.0	2018-01	2018-08	23.0	According to an example, a socket to support a first board in a spaced relation to a second board may include a base section having openings to receive connectors that are to electrically connect the first board to the second board. The socket may also include a plurality of walls extending from the base section, in which each of the plurality of wails is angled with respect to the base section and in which the plurality of walls include air ducts to enable air to flow through the socket when the first board is positioned on the socket. The socket may further include socket alignment elements extending from the base section, in which the alignment elements are to be inserted into mating holes in the second board.	86.0	1	1	1	1	['11261508', '14576735', '11803964', '12821001', '15543193']	128.3467	123.04815320000002	29.0	6.0	3.0	0.6692767739295961	0	0	0	0	85.89946532050968	none	(15747756, 8)	0.4726657687446701	1	0.8290942360178554	0.7934513892905368	1	0.876556774778359	0.8290942360178554	0.591856570808722	0.7510605466371674	test	2.25424	361.0	False
37	1012742	The socket according to  claim 6 , further comprising:\n a thermal rod positioned in the column to conduct heat from the first board; and a thermally insulating material positioned around the column to reduce heat flow from the column into an interior of the socket.	7	15747756	2835	Utility	1.0	"[""361"", ""688000""]"	0.0	2018-01	2018-08	23.0	According to an example, a socket to support a first board in a spaced relation to a second board may include a base section having openings to receive connectors that are to electrically connect the first board to the second board. The socket may also include a plurality of walls extending from the base section, in which each of the plurality of wails is angled with respect to the base section and in which the plurality of walls include air ducts to enable air to flow through the socket when the first board is positioned on the socket. The socket may further include socket alignment elements extending from the base section, in which the alignment elements are to be inserted into mating holes in the second board.	86.0	1	1	0	1	['11261508', '14576735', '11803964', '12821001', '15543193']	128.3467	123.04815320000002	29.0	6.0	3.0	0.6483240723609924	1	0	1	0	83.2102552180946	open	(15747756, 7)	0.4743279377562014	1	0.8109223306145978	0.7772628913287583	1	0.7723084257324998	0.8109223306145978	0.6374892828838823	0.8260592713457112	test	2.25424	361.0	False
38	1012741	The socket according to  claim 1 , further comprising:\n a column extending from the base section, wherein the column is to contact a section of the first board.	6	15747756	2835	Utility	1.0	"[""361"", ""688000""]"	0.0	2018-01	2018-08	23.0	According to an example, a socket to support a first board in a spaced relation to a second board may include a base section having openings to receive connectors that are to electrically connect the first board to the second board. The socket may also include a plurality of walls extending from the base section, in which each of the plurality of wails is angled with respect to the base section and in which the plurality of walls include air ducts to enable air to flow through the socket when the first board is positioned on the socket. The socket may further include socket alignment elements extending from the base section, in which the alignment elements are to be inserted into mating holes in the second board.	86.0	1	1	0	1	['11261508', '14576735', '11803964', '12821001', '15543193']	128.3467	123.04815320000002	29.0	6.0	3.0	0.6520603895187378	1	0	1	0	83.68979919544458	open	(15747756, 6)	0.4736228742923427	1	0.811040566001151	0.7772987968302703	1	0.5490944559876134	0.811040566001151	0.4314512345676936	0.5504833777884811	test	2.25424	361.0	False
39	1012740	The socket according to  claim 1 , further comprising:\n a cable management element positioned within an air duct.	5	15747756	2835	Utility	1.0	"[""361"", ""688000""]"	0.0	2018-01	2018-08	23.0	According to an example, a socket to support a first board in a spaced relation to a second board may include a base section having openings to receive connectors that are to electrically connect the first board to the second board. The socket may also include a plurality of walls extending from the base section, in which each of the plurality of wails is angled with respect to the base section and in which the plurality of walls include air ducts to enable air to flow through the socket when the first board is positioned on the socket. The socket may further include socket alignment elements extending from the base section, in which the alignment elements are to be inserted into mating holes in the second board.	86.0	1	1	0	1	['11261508', '14576735', '11803964', '12821001', '15543193']	128.3467	123.04815320000002	29.0	6.0	3.0	0.6652519106864929	1	0	1	0	85.38288740530609	open	(15747756, 5)	0.4711343156687944	1	0.8114573913465818	0.777425083778803	1	0.3672375312795272	0.8114573913465818	0.4599894230720996	0.4630212185444249	test	2.25424	361.0	False
40	1012739	The socket according to  claim 1 , further comprising:\n an optical connector alignment element extending from the base section, wherein an optical connector of an optical transceiver is to mate with the optical connector alignment element.	4	15747756	2835	Utility	1.0	"[""361"", ""688000""]"	0.0	2018-01	2018-08	23.0	According to an example, a socket to support a first board in a spaced relation to a second board may include a base section having openings to receive connectors that are to electrically connect the first board to the second board. The socket may also include a plurality of walls extending from the base section, in which each of the plurality of wails is angled with respect to the base section and in which the plurality of walls include air ducts to enable air to flow through the socket when the first board is positioned on the socket. The socket may further include socket alignment elements extending from the base section, in which the alignment elements are to be inserted into mating holes in the second board.	86.0	1	1	0	1	['11261508', '14576735', '11803964', '12821001', '15543193']	128.3467	123.04815320000002	29.0	6.0	3.0	0.7866407632827759	1	0	1	0	100.96274605282544	open	(15747756, 4)	0.4483175749146469	1	0.815259836678584	0.7785656105021904	1	0.4208667274257451	0.815259836678584	0.5100131022461505	0.5345107741083628	test	2.25424	361.0	False
41	1012738	The socket according to  claim 1 , further comprising:\n a filler to be removably inserted into an air duct of the air ducts, said filler including a gap through which a cable is to be provided; and an airflow diverting element positioned on the base section to divert airflow through the socket.	3	15747756	2835	Utility	1.0	"[""361"", ""688000""]"	0.0	2018-01	2018-08	23.0	According to an example, a socket to support a first board in a spaced relation to a second board may include a base section having openings to receive connectors that are to electrically connect the first board to the second board. The socket may also include a plurality of walls extending from the base section, in which each of the plurality of wails is angled with respect to the base section and in which the plurality of walls include air ducts to enable air to flow through the socket when the first board is positioned on the socket. The socket may further include socket alignment elements extending from the base section, in which the alignment elements are to be inserted into mating holes in the second board.	86.0	1	1	0	1	['11261508', '14576735', '11803964', '12821001', '15543193']	128.3467	123.04815320000002	29.0	6.0	3.0	0.6563467979431152	1	0	1	0	84.23994557156563	open	(15747756, 3)	0.4728140950808854	1	0.8111760914314241	0.7773398917963703	1	0.5721708397606436	0.8111760914314241	0.4660998885423797	0.555096717814775	test	2.25424	361.0	False
42	1012737	The socket according to  claim 1 , further comprising:\n a plurality of fillers to be selectively inserted into the air ducts to control airflow properties through the socket.	2	15747756	2835	Utility	1.0	"[""361"", ""688000""]"	0.0	2018-01	2018-08	23.0	According to an example, a socket to support a first board in a spaced relation to a second board may include a base section having openings to receive connectors that are to electrically connect the first board to the second board. The socket may also include a plurality of walls extending from the base section, in which each of the plurality of wails is angled with respect to the base section and in which the plurality of walls include air ducts to enable air to flow through the socket when the first board is positioned on the socket. The socket may further include socket alignment elements extending from the base section, in which the alignment elements are to be inserted into mating holes in the second board.	86.0	1	1	0	1	['11261508', '14576735', '11803964', '12821001', '15543193']	128.3467	123.04815320000002	29.0	6.0	3.0	0.6586279273033142	1	0	1	0	84.53272099722028	open	(15747756, 2)	0.4723837559062633	1	0.8112481842802465	0.7773617414428482	1	0.507877455664028	0.8112481842802465	0.4147621468691884	0.6337117116808453	test	2.25424	361.0	False
43	1012736	A socket to support a first board in a spaced relation to a second board, said socket comprising:\n a base section having openings to receive connectors that are to electrically connect the first board to the second board; a plurality of walls extending from the base section, wherein each of the plurality of walls is angled with respect to the base section and wherein the plurality of walls include air ducts to enable air to flow through the socket when the first board is positioned on the socket; and socket alignment elements extending from the base section, wherein the socket alignment elements are to be inserted into mating holes in the second board.	1	15747756	2835	Utility	1.0	"[""361"", ""688000""]"	0.0	2018-01	2018-08	23.0	According to an example, a socket to support a first board in a spaced relation to a second board may include a base section having openings to receive connectors that are to electrically connect the first board to the second board. The socket may also include a plurality of walls extending from the base section, in which each of the plurality of wails is angled with respect to the base section and in which the plurality of walls include air ducts to enable air to flow through the socket when the first board is positioned on the socket. The socket may further include socket alignment elements extending from the base section, in which the alignment elements are to be inserted into mating holes in the second board.	86.0	1	1	1	1	['11261508', '14576735', '11803964', '12821001', '15543193']	128.3467	123.04815320000002	29.0	6.0	3.0	0.8386011123657227	1	0	1	0	107.63168538846968	open	(15747756, 1)	0.4386113777026169	1	0.8168692044072932	0.7790434217368255	1	0.2834804464459113	0.8168692044072932	0.1682824793115364	0.2902943363924924	test	2.25424	361.0	False
44	1012623	A system for non-destructive data storage including:\n a processor; and a memory coupled to the processor, wherein the memory is configured to provide the processor with instructions which when executed cause the processor to:\n store an information change associated with a business object such that tracking of the information change is enabled with respect to one of the following: a transaction time, an effective time, or a transaction time and an effective time; and \n access the stored information change with respect to a time, comprising to:\n retrieve the information change from a chain of effective changes associated with an instance of the business object.	16	15876618	2474	Utility	4.0	"[""370"", ""381000""]"	0.0	2018-01	2018-08	36.0	Non-destructive data storage is disclosed. An information change is stored that is associated with a business object such that tracking of the information change is enabled with respect to one a transaction time and/or an effective time. The stored information change is accessed with respect to a time.	86.0	1	1	0	1	['11429645', '13253017', '14286707', '14858023', '12151961']	207.72331	189.32972	14.0	0.0	1.0	0.8431867361068726	1	0	1	0	175.14953977221612	open	(15876618, 16)	0.4690967108444525	1	0.5380284813042169	0.5311353042582404	0	0.132644493312039	0.5380284813042169	0.2529154716529945	0.1949889333167227	test	1.64516	370.0	False
45	1012622	A computer program product for non-destructive data storage, the computer program product being embodied in a computer readable medium and comprising computer instructions for:\n storing an information change associated with a business object such that tracking of the information change is enabled with respect to one of the following: a transaction time, an effective time, or a transaction time and an effective time; and accessing the stored information change with respect to a time, comprising:\n retrieving the information change from a chain of effective changes associated with an instance of the business object.	15	15876618	2474	Utility	4.0	"[""370"", ""381000""]"	0.0	2018-01	2018-08	36.0	Non-destructive data storage is disclosed. An information change is stored that is associated with a business object such that tracking of the information change is enabled with respect to one a transaction time and/or an effective time. The stored information change is accessed with respect to a time.	86.0	0	1	0	1	['11429645', '13253017', '14286707', '14858023', '12151961']	207.72331	189.32972	14.0	0.0	1.0	0.9035847187042236	1	0	1	0	187.69560863466023	open	(15876618, 15)	0.4614298314869425	0	0.5399238507175964	0.532074448794531	0	0.1084481100257678	0.5399238507175964	0.2210134199431817	0.1781392368405385	test	1.64516	370.0	False
46	1012621	A method as in  claim 1 , wherein the tracked information includes information enabling determination of a state of information associated with the business object at a particular time.	14	15876618	2474	Utility	4.0	"[""370"", ""381000""]"	0.0	2018-01	2018-08	36.0	Non-destructive data storage is disclosed. An information change is stored that is associated with a business object such that tracking of the information change is enabled with respect to one a transaction time and/or an effective time. The stored information change is accessed with respect to a time.	86.0	1	1	0	1	['11429645', '13253017', '14286707', '14858023', '12151961']	207.72331	189.32972	14.0	0.0	1.0	0.7071454524993896	0	0	0	0	146.890594044621	none	(15876618, 14)	0.488710261701004	1	0.5631878884696108	0.5557401257927501	0	0.4126869954616173	0.5631878884696108	0.3682884814239019	0.3438198934280561	test	1.64516	370.0	False
47	1012620	A method as in  claim 1 , further comprising including the stored information change in a report.	13	15876618	2474	Utility	4.0	"[""370"", ""381000""]"	0.0	2018-01	2018-08	36.0	Non-destructive data storage is disclosed. An information change is stored that is associated with a business object such that tracking of the information change is enabled with respect to one a transaction time and/or an effective time. The stored information change is accessed with respect to a time.	86.0	1	1	0	1	['11429645', '13253017', '14286707', '14858023', '12151961']	207.72331	189.32972	14.0	0.0	1.0	0.9092323184013368	1	0	1	0	188.8687467372996	open	(15876618, 13)	0.4607137601020072	1	0.5401010093348668	0.5321622844115809	0	0.3097951871778817	0.5401010093348668	0.3795874142107053	0.3803192512539481	test	1.64516	370.0	False
48	1012619	A method as in  claim 1 , wherein the business object includes information related to a business requirement.	12	15876618	2474	Utility	4.0	"[""370"", ""381000""]"	0.0	2018-01	2018-08	36.0	Non-destructive data storage is disclosed. An information change is stored that is associated with a business object such that tracking of the information change is enabled with respect to one a transaction time and/or an effective time. The stored information change is accessed with respect to a time.	86.0	1	1	0	1	['11429645', '13253017', '14286707', '14858023', '12151961']	207.72331	189.32972	14.0	0.0	1.0	0.8479364514350891	0	0	0	0	176.13616636175098	none	(15876618, 12)	0.4707826382793295	1	0.5675570880522648	0.5578796430749713	0	0.3755169771296843	0.5675570880522648	0.3591129114169966	0.2645042394188923	test	1.64516	370.0	False
49	1012618	A method as in  claim 1 , wherein the information change comprises a change in product or service information.	11	15876618	2474	Utility	4.0	"[""370"", ""381000""]"	0.0	2018-01	2018-08	36.0	Non-destructive data storage is disclosed. An information change is stored that is associated with a business object such that tracking of the information change is enabled with respect to one a transaction time and/or an effective time. The stored information change is accessed with respect to a time.	86.0	1	1	0	1	['11429645', '13253017', '14286707', '14858023', '12151961']	207.72331	189.32972	14.0	0.0	1.0	0.764339804649353	0	0	0	0	158.771194186517	none	(15876618, 11)	0.481421293013801	1	0.5649639787727398	0.5566097101968459	0	0.2627109772039157	0.5649639787727398	0.3221342196063534	0.3762916519670155	test	1.64516	370.0	False
